"id","name","url","gender","avatar_url","follower_count"
"14e1ba721e647c715aced933ccc2d90c","琉璃","http://www.zhihu.com/api/v4/people/14e1ba721e647c715aced933ccc2d90c","0","https://pic2.zhimg.com/84282fbfd61758d260ab4c3e41ff7cf3_is.jpg","2"
"c688e0338eb9eacb2d50d7819289f3c2","大明湖畔胡大明","http://www.zhihu.com/api/v4/people/c688e0338eb9eacb2d50d7819289f3c2","1","https://pic2.zhimg.com/v2-11569a23bb3a393cedf98fea5c080edf_is.jpg","3"
"719a1b63e66d7c388e0a539da4ac506d","麦麦","http://www.zhihu.com/api/v4/people/719a1b63e66d7c388e0a539da4ac506d","0","https://pic3.zhimg.com/v2-726c7da1d2eabde3b1bea90c532ea323_is.jpg","1"
"9b8a480cc505b89c4cc31a89e57c9379","醉虞美姬","http://www.zhihu.com/api/v4/people/9b8a480cc505b89c4cc31a89e57c9379","-1","https://pic3.zhimg.com/v2-ed5a50fae59592e7ea2589425f67e9d7_is.jpg","0"
"8782501b766f727c6a8e06bb014d31a5","少年小卫","http://www.zhihu.com/api/v4/people/8782501b766f727c6a8e06bb014d31a5","0","https://pic2.zhimg.com/v2-1a9804467feb334dde5b689219eb6aac_is.jpg","194"
"dd98648c3bfab38fa017311c65951efd","Martinson","http://www.zhihu.com/api/v4/people/dd98648c3bfab38fa017311c65951efd","1","https://pic1.zhimg.com/94e486981830f396c76a9b8ea96ccdc1_is.jpg","21"
"5ba988119102a93554bf8d875d8b2fc6","米线","http://www.zhihu.com/api/v4/people/5ba988119102a93554bf8d875d8b2fc6","-1","https://pic2.zhimg.com/v2-f97af0a2a26eade557d429009ae17a62_is.jpg","0"
"3ec4123bb6b4a46d25cb7fd8af43ddfe","张天","http://www.zhihu.com/api/v4/people/3ec4123bb6b4a46d25cb7fd8af43ddfe","1","https://pic3.zhimg.com/40e3ffbb4_is.jpg","11"
"d6cc7b02106f10530d50276a7e43c6ea","LiAnGreaT","http://www.zhihu.com/api/v4/people/d6cc7b02106f10530d50276a7e43c6ea","1","https://pic3.zhimg.com/v2-53d3b1860958bfe13c4bbab216a9b427_is.jpg","0"
"0f1aa32954ea3232df76e8d1fbb1d930","路园山","http://www.zhihu.com/api/v4/people/0f1aa32954ea3232df76e8d1fbb1d930","1","https://pic4.zhimg.com/da8e974dc_is.jpg","18"
"54d240cd41f2571647a81eea6fbf69fd","大豪","http://www.zhihu.com/api/v4/people/54d240cd41f2571647a81eea6fbf69fd","-1","https://pic2.zhimg.com/80e078165e9ae85066d15775b9f6d8da_is.jpg","1"
"5fe750b39d3a93cad0b354d5d70a4398","郑泽帆","http://www.zhihu.com/api/v4/people/5fe750b39d3a93cad0b354d5d70a4398","1","https://pic1.zhimg.com/e9224210f_is.jpg","19"
"6ea73e021bdf99133f8e9f73066bafd2","奔跑的香蕉","http://www.zhihu.com/api/v4/people/6ea73e021bdf99133f8e9f73066bafd2","-1","https://pic2.zhimg.com/v2-084551d5e6e990f6fbffcdd6994c3c1a_is.jpg","0"
"907f2f15fee88472fa3713efb77be53a","孙宇","http://www.zhihu.com/api/v4/people/907f2f15fee88472fa3713efb77be53a","-1","https://pic4.zhimg.com/da8e974dc_is.jpg","0"
"d39a9b948ab80ef0165b13f6324301d0","v格","http://www.zhihu.com/api/v4/people/d39a9b948ab80ef0165b13f6324301d0","-1","https://pic1.zhimg.com/v2-abca277783bc8f2292cc789e133bd248_is.jpg","0"
"6e7e5434332436f1f50af1dca5132e91","童童","http://www.zhihu.com/api/v4/people/6e7e5434332436f1f50af1dca5132e91","-1","https://pic4.zhimg.com/da8e974dc_is.jpg","2"
"1d38e5da9ea9e82f2d44fa388c8e72fa","萌小强","http://www.zhihu.com/api/v4/people/1d38e5da9ea9e82f2d44fa388c8e72fa","-1","https://pic4.zhimg.com/da8e974dc_is.jpg","0"
"f83bf1302f488b736e6414c5672bde0d","King","http://www.zhihu.com/api/v4/people/f83bf1302f488b736e6414c5672bde0d","-1","https://pic4.zhimg.com/v2-ec4e2ce35d4df5960b3d734d36dd924c_is.jpg","0"
"2fafcb985e430c63dbd36dd79eeb79f4","肖翔","http://www.zhihu.com/api/v4/people/2fafcb985e430c63dbd36dd79eeb79f4","-1","https://pic4.zhimg.com/da8e974dc_is.jpg","3"
"68b70f8cc2d216648a3824bcc1f9bbb7","温柔的小猎人","http://www.zhihu.com/api/v4/people/68b70f8cc2d216648a3824bcc1f9bbb7","-1","https://pic4.zhimg.com/v2-c9ca418453c481f1fc1d9d6036496eec_is.jpg","1"
